,Name,%,Price,Rating,Release,Ends,Started
0,Machinika: Museum,-100%,"R$ 0,00",87.44%,Mar 2021,in 8 days,6 days ago
1,ENDLESS‚Ñ¢ Legend,-100%,"R$ 0,00",82.27%,Sep 2014,in 4 days,3 days ago
2,100% Orange Juice,-100%,"R$ 0,00",90.45%,Sep 2013,in 3 days,3 days ago
3,Killing Floor 2,-95%,"R$ 2,79",86.60%,Nov 2016,in 4 days,3 days ago
4,Wizard with a Gun,-50%,"R$ 29,99",78.05%,Oct 2023,in 4 days,6 days ago
5,Lil Gator Game,-50%,"R$ 29,99",94.99%,Dec 2022,in 12 days,2 days ago
6,Killing Floor,-90%,"R$ 3,49",93.37%,May 2009,in 4 days,3 days ago
7,The Forgotten City,-65%,"R$ 25,89",93.25%,Jul 2021,in 8 days,6 days ago
8,Poly Bridge 2,-80%,"R$ 5,79",92.26%,May 2020,in 17 hours,6 days ago
9,Poly Bridge 3,-68%,"R$ 35,07",90.54%,May 2023,in 17 hours,6 days ago
10,UNSIGHTED,-60%,"R$ 19,99",88.83%,Sep 2021,in 17 hours,6 days ago
11,The Wild at Heart,-60%,"R$ 18,99",88.76%,May 2021,in 17 hours,6 days ago
12,Broken Reality,-85%,"R$ 4,34",88.74%,Nov 2018,in 4 days,3 days ago
13,CaseCracker,-50%,"R$ 10,34",88.73%,Dec 2022,in 14 days,7 hours ago
14,Paper Beast,-75%,"R$ 11,49",88.01%,Jul 2020,in 8 days,6 days ago
15,Blade of Darkness,-60%,"R$ 11,59",87.95%,Oct 2021,in 10 days,4 days ago
16,The House of Da Vinci 3,-50%,"R$ 29,99",86.03%,Dec 2022,in 6 days,yesterday
17,Root,-60%,"R$ 11,59",86.02%,Sep 2020,in 17 hours,13 days ago
18,Archvale,-50%,"R$ 22,49",85.35%,Dec 2021,in 17 hours,6 days ago
19,The Dungeon Of Naheulbeuk: The Amulet Of Chaos,-70%,"R$ 21,89",85.01%,Sep 2020,in 8 days,6 days ago
20,Foretales,-50%,"R$ 22,99",82.13%,Sep 2022,in 8 days,6 days ago
21,Trombone Champ,-60%,"R$ 11,59",94.86%,Sep 2022,in 2 days,5 days ago
22,Alba: A Wildlife Adventure,-75%,"R$ 13,12",94.21%,Dec 2020,in 8 days,6 days ago
23,Carto,-70%,"R$ 11,39",93.55%,Oct 2020,in 17 hours,6 days ago
24,Unpacking,-50%,"R$ 29,99",90.91%,Nov 2021,in 17 hours,6 days ago
25,One Step From Eden,-60%,"R$ 15,19",90.58%,Mar 2020,in 17 hours,6 days ago
26,OTXO,-50%,"R$ 14,49",89.77%,Apr 2023,in 17 hours,6 days ago
27,Poly Bridge,-90%,"R$ 2,06",89.25%,Jul 2016,in 17 hours,6 days ago
28,Return to Monkey Island,-50%,"R$ 36,99",89.23%,Sep 2022,in 4 days,10 days ago
29,Wizard of Legend,-70%,"R$ 9,29",88.91%,May 2018,in 17 hours,6 days ago
30,Minecraft Dungeons,-50%,"R$ 37,47",88.83%,Sep 2021,in 10 days,4 days ago
31,Forager,-65%,"R$ 13,29",88.52%,Apr 2019,in 17 hours,6 days ago
32,Re: LieF ~ Shin'ainaru Anata e~,-58%,"R$ 27,71",88.43%,Feb 2021,in 7 days,yesterday
33,Ring of Pain,-70%,"R$ 11,39",88.35%,Oct 2020,in 17 hours,6 days ago
34,Assassin's Creed¬Æ Odyssey,-85%,"R$ 26,99",88.15%,Oct 2018,in 7 days,4 days ago
35,Anarcute,-80%,"R$ 7,19",86.56%,Jul 2016,in 8 days,6 days ago
36,Grand Theft Auto V,-65%,"R$ 38,63",86.33%,Apr 2015,‚Äî,6 days ago
37,Old School Musical,-75%,"R$ 7,99",86.19%,Sep 2018,in 8 days,6 days ago
38,Ikenfell,-70%,"R$ 11,39",86.15%,Oct 2020,in 17 hours,6 days ago
39,Hell Pie,-66%,"R$ 25,15",85.98%,Jul 2022,in 2 days,4 days ago
40,Another Lost Phone: Laura's Story,-72%,"R$ 2,23",85.83%,Sep 2017,in 8 days,6 days ago
41,Drug Dealer Simulator,-87%,"R$ 4,93",85.66%,Apr 2020,in 17 hours,6 days ago
42,A Normal Lost Phone,-72%,"R$ 2,23",85.32%,Jan 2017,in 8 days,6 days ago
43,The Crackpet Show,-75%,"R$ 11,75",84.00%,Dec 2022,in 17 hours,6 days ago
44,Dungeon Village,-63%,"R$ 6,87",82.83%,Mar 2022,in 6 days,8 days ago
45,Vampires' Melody 2,-50%,"R$ 6,89",82.52%,Sep 2023,in 5 days,10 days ago
46,Cyberpunk 2077,-50%,"R$ 99,95",81.51%,Dec 2020,in 7 days,3 days ago
47,A Hat in Time,-50%,"R$ 44,49",96.07%,Oct 2017,in 17 hours,6 days ago
48,Inscryption,-50%,"R$ 24,99",95.56%,Oct 2021,in 4 days,10 days ago
49,American Truck Simulator,-75%,"R$ 15,49",95.51%,Feb 2016,in 11 days,3 days ago
50,One Finger Death Punch,-78%,"R$ 1,86",95.38%,Mar 2014,in 17 hours,6 days ago
51,Don't Starve,-75%,"R$ 5,17",95.30%,Apr 2013,in 17 hours,6 days ago
52,Risk of Rain 2,-50%,"R$ 29,99",95.22%,Aug 2020,in 17 hours,6 days ago
53,Sid Meier's Civilization¬Æ V,-75%,"R$ 11,24",94.97%,Sep 2010,in 8 days,6 days ago
54,Vampires' Melody,-80%,"R$ 2,75",94.11%,Oct 2020,in 5 days,10 days ago
55,Ultimate Chicken Horse,-65%,"R$ 15,74",93.93%,Mar 2016,in 17 hours,6 days ago
56,Valheim,-50%,"R$ 18,99",93.82%,Feb 2021,in 9 days,6 days ago
57,My Friend Pedro,-75%,"R$ 14,99",93.64%,Jun 2019,in 4 days,3 days ago
58,ÊúàÂΩ±È≠ÖÂÉè-Ëß£Êîæ‰πãÁæΩ-,-65%,"R$ 23,09",93.52%,Jul 2019,in 7 days,yesterday
59,Monster Prom 2: Monster Camp,-66%,"R$ 8,46",93.40%,Oct 2020,in 4 days,10 days ago
60,One Finger Death Punch 2,-75%,"R$ 4,14",92.69%,Apr 2019,in 17 hours,6 days ago
61,Marvel's Guardians of the Galaxy,-75%,"R$ 62,49",92.53%,Oct 2021,in 17 hours,9 days ago
62,ISLANDERS,-65%,"R$ 5,94",92.37%,Apr 2019,in 7 days,7 days ago
63,Cities: Skylines,-70%,"R$ 32,39",92.25%,Mar 2015,in 4 days,10 days ago
64,Epistory - Typing Chronicles,-70%,"R$ 12,89",91.66%,Mar 2016,in 8 days,6 days ago
65,Risk of Rain (2013),-80%,"R$ 3,99",91.50%,Nov 2013,in 17 hours,6 days ago
66,Torchlight II,-80%,"R$ 6,99",91.16%,Sep 2012,in 8 days,6 days ago
67,Project Wingman,-50%,"R$ 23,74",91.16%,Dec 2020,in 17 hours,6 days ago
68,Death's Door,-75%,"R$ 14,99",91.15%,Jul 2021,in 4 days,3 days ago
69,Thomas Was Alone,-80%,"R$ 3,39",91.00%,Nov 2012,in 17 hours,6 days ago
70,The Messenger,-80%,"R$ 11,99",90.98%,Aug 2018,in 4 days,3 days ago
71,Dead Estate,-50%,"R$ 8,99",90.97%,Oct 2021,in 17 hours,6 days ago
72,McPixel 3,-80%,"R$ 6,59",90.88%,Nov 2022,in 4 days,3 days ago
73,Spelunky 2,-50%,"R$ 18,99",90.82%,Sep 2020,in 17 hours,6 days ago
74,Death Road to Canada,-75%,"R$ 6,99",90.30%,Jul 2016,in 17 hours,6 days ago
75,Crusader Kings III,-60%,"R$ 71,99",90.21%,Sep 2020,in 4 days,10 days ago
76,Victoria II,-75%,"R$ 17,99",90.19%,Aug 2010,in 4 days,10 days ago
77,Hearts of Iron IV,-70%,"R$ 53,99",90.14%,Jun 2016,in 4 days,10 days ago
78,Evil Genius,-90%,"R$ 1,99",89.90%,Sep 2004,in 17 hours,12 days ago
79,ŒîV: Rings of Saturn,-50%,"R$ 10,34",89.39%,Jul 2023,in 17 hours,6 days ago
80,Choice of Life: Middle Ages 2,-50%,"R$ 11,75",89.38%,Sep 2022,in 17 hours,13 days ago
81,Sid Meier's Civilization¬Æ IV,-85%,"R$ 4,49",89.14%,Oct 2005,in 8 days,6 days ago
82,"Invisible, Inc.",-75%,"R$ 9,24",88.55%,May 2015,in 17 hours,6 days ago
83,Slipways,-50%,"R$ 16,49",88.46%,Jun 2021,in 17 hours,6 days ago
84,Knights of Honor,-75%,"R$ 8,99",88.39%,May 2005,in 4 days,10 days ago
85,Torchlight,-80%,"R$ 4,99",88.27%,Oct 2009,in 8 days,6 days ago
86,Lacuna ‚Äì A Sci-Fi Noir Adventure,-80%,"R$ 6,19",88.21%,May 2021,in 2 days,11 days ago
87,Prison Architect,-80%,"R$ 21,59",88.19%,Oct 2015,in 4 days,10 days ago
88,Monaco: What's Yours Is Mine,-75%,"R$ 6,99",87.95%,Apr 2013,in 17 hours,6 days ago
89,Curious Expedition,-80%,"R$ 5,59",87.78%,Sep 2016,in 17 hours,6 days ago
90,Jupiter Hell,-60%,"R$ 18,99",87.63%,Aug 2021,in 17 hours,6 days ago
91,The Witcher: Enhanced Edition Director's Cut,-85%,"R$ 2,54",87.52%,Sep 2008,in 7 days,3 days ago
92,Splasher,-77%,"R$ 8,27",87.52%,Feb 2017,in 8 days,6 days ago
93,Card Shark,-50%,"R$ 29,99",87.52%,Jun 2022,in 4 days,10 days ago
94,Rollerdrome,-67%,"R$ 52,76",87.40%,Aug 2022,in 17 hours,13 days ago
95,Marble It Up! Ultra,-60%,"R$ 35,59",87.38%,Nov 2018,in 12 days,2 days ago
96,Life is Strange: True Colors,-70%,"R$ 89,97",87.31%,Sep 2021,in 2 days,11 days ago
97,Blue Estate The Game,-65%,"R$ 9,09",87.27%,Apr 2015,in 8 days,6 days ago
98,Shadowrun: Dragonfall - Director's Cut,-75%,"R$ 13,49",86.84%,Sep 2014,in 4 days,10 days ago
99,DJMAX RESPECT V,-80%,"R$ 19,79",86.83%,Mar 2020,in 17 hours,6 days ago
100,Majesty Gold HD,-75%,"R$ 8,99",86.83%,Mar 2001,in 4 days,10 days ago
101,Thronebreaker: The Witcher Tales,-75%,"R$ 13,99",86.65%,Nov 2018,in 7 days,3 days ago
102,Battlezone 98 Redux,-85%,"R$ 6,89",86.38%,Apr 2016,in 17 hours,12 days ago
103,Shadowrun Returns,-75%,"R$ 13,49",86.28%,Jul 2013,in 4 days,10 days ago
104,Duskers,-50%,"R$ 18,49",86.27%,May 2016,in 17 hours,6 days ago
105,Europa Universalis IV,-70%,"R$ 43,19",86.05%,Aug 2013,in 4 days,10 days ago
106,House of the Dying Sun,-70%,"R$ 11,09",85.88%,Nov 2016,in 17 hours,6 days ago
107,TrymenT ‚ÄïÁåÆÁªôÊ∏¥ÊúõÊîπÂèòÁöÑ‰Ω†‚Äï AlphAÁØá,-67%,"R$ 29,03",85.87%,Feb 2020,in 7 days,yesterday
108,Curious Expedition 2,-65%,"R$ 13,29",85.85%,Jan 2021,in 17 hours,6 days ago
109,Darkest Hour: A Hearts of Iron Game,-80%,"R$ 7,19",85.68%,Apr 2011,in 4 days,10 days ago
110,Hob,-80%,"R$ 7,39",85.66%,Sep 2017,in 8 days,6 days ago
111,Astronarch,-70%,"R$ 8,69",85.59%,Jan 2021,in 17 hours,6 days ago
112,Expeditions: Rome,-60%,"R$ 33,99",85.56%,Jan 2022,in 17 hours,6 days ago
113,Magicka,-75%,"R$ 8,99",85.51%,Jan 2011,in 4 days,10 days ago
114,Lost Castle / Â§±ËêΩÂüéÂ†°,-60%,"R$ 7,99",85.44%,Sep 2016,in 17 hours,6 days ago
115,Assassin's Creed¬Æ Origins,-85%,"R$ 26,99",85.30%,Oct 2017,in 7 days,4 days ago
116,Fury Unleashed,-85%,"R$ 8,99",85.14%,May 2020,in 17 hours,6 days ago
117,JoJo's Bizarre Adventure: All-Star Battle R,-70%,"R$ 60,75",85.06%,Sep 2022,in 17 hours,6 days ago
118,Tyranny,-75%,"R$ 26,99",84.72%,Nov 2016,in 4 days,10 days ago
119,Tick Tock: A Tale for Two,-60%,"R$ 7,60",84.27%,Mar 2019,in 5 days,2 days ago
120,ScourgeBringer,-75%,"R$ 9,99",84.22%,Oct 2020,in 8 days,6 days ago
121,SpellForce - Platinum Edition,-80%,"R$ 3,39",83.86%,Nov 2009,in 13 days,yesterday
122,Knights of Pen and Paper 2,-75%,"R$ 7,24",83.80%,Oct 2015,in 4 days,10 days ago
123,Shadowrun: Hong Kong - Extended Edition,-75%,"R$ 17,99",83.76%,Aug 2015,in 4 days,10 days ago
124,SpellForce 3 Fallen God,-80%,"R$ 7,59",83.62%,Nov 2020,in 13 days,yesterday
125,Age of Wonders Shadow Magic,-75%,"R$ 8,99",83.21%,‚Äî,in 4 days,10 days ago
126,Void Bastards,-70%,"R$ 17,39",83.21%,May 2019,in 17 hours,6 days ago
127,Surviving Mars,-75%,"R$ 26,99",83.15%,Mar 2018,in 4 days,10 days ago
128,Crying Suns,-70%,"R$ 14,24",83.14%,Sep 2019,in 17 hours,6 days ago
129,Sword of the Stars: Complete Collection,-75%,"R$ 8,99",82.85%,Oct 2008,in 4 days,10 days ago
130,Warlock - Master of the Arcane,-75%,"R$ 22,49",82.81%,May 2012,in 4 days,10 days ago
131,Academia : School Simulator,-50%,"R$ 35,99",82.23%,Sep 2017,in 4 days,10 days ago
132,Project Highrise,-84%,"R$ 9,59",82.01%,Sep 2016,in 7 days,7 hours ago
133,BATTLETECH,-75%,"R$ 35,99",81.95%,Apr 2018,in 4 days,10 days ago
134,Ice Lakes,-75%,"R$ 13,49",81.80%,Apr 2016,in 4 days,10 days ago
135,Teleglitch: Die More Edition,-75%,"R$ 11,74",81.79%,Jul 2013,in 4 days,10 days ago
136,Watch_Dogs¬Æ 2,-85%,"R$ 22,49",81.65%,Nov 2016,in 17 hours,6 days ago
137,Hearts of Iron 2 Complete,-75%,"R$ 13,49",81.41%,Jan 2006,in 4 days,10 days ago
138,Fae Tactics,-70%,"R$ 11,39",81.34%,Jul 2020,in 17 hours,6 days ago
139,King Arthur: Knight's Tale,-60%,"R$ 48,79",81.30%,Apr 2022,in 4 days,10 days ago
140,SpellForce 3 Soul Harvest,-80%,"R$ 7,59",81.25%,May 2019,in 13 days,yesterday
141,Temtem,-60%,"R$ 53,99",80.77%,Sep 2022,in 17 hours,6 days ago
142,Magicka 2,-75%,"R$ 13,49",80.65%,May 2015,in 4 days,10 days ago
143,Mechanic Escape,-80%,"R$ 2,49",80.64%,Apr 2014,in 8 days,6 days ago
144,Across the Obelisk,-50%,"R$ 35,99",80.59%,Apr 2021,in 4 days,10 days ago
145,Zombie Party,-80%,"R$ 4,13",80.37%,Jun 2016,in 8 days,6 days ago
146,Europa Universalis III Complete,-70%,"R$ 16,19",80.19%,Jan 2007,in 4 days,10 days ago
147,Knights of Pen and Paper +1 Edition,-75%,"R$ 8,99",79.98%,Jun 2013,in 4 days,10 days ago
148,Revita,-50%,"R$ 19,99",79.66%,‚Äî,in 8 days,6 days ago
149,Flynn: Son of Crimson,-60%,"R$ 23,99",79.55%,Sep 2021,in 17 hours,6 days ago
150,Wildfire,-60%,"R$ 11,59",78.74%,May 2020,in 17 hours,6 days ago
151,Age of Wonders III,-75%,"R$ 26,99",78.63%,Mar 2014,in 4 days,10 days ago
152,Age of Wonders: Planetfall,-66%,"R$ 36,71",78.06%,Aug 2019,in 4 days,10 days ago
153,Finding Teddy,-80%,"R$ 2,79",77.73%,Dec 2013,in 8 days,6 days ago
154,Staxel,-75%,"R$ 9,24",77.24%,Apr 2019,in 17 hours,6 days ago
155,HOT WHEELS UNLEASHED‚Ñ¢,-85%,"R$ 29,92",76.39%,Sep 2021,in 13 days,yesterday
156,Hotel Renovator,-50%,"R$ 44,95",76.26%,Mar 2023,in 5 days,2 days ago
157,Hellslave,-75%,"R$ 11,49",75.97%,May 2022,in 8 days,6 days ago
158,Aegis Defenders,-75%,"R$ 9,24",75.59%,Feb 2018,in 17 hours,6 days ago
159,Watch_Dogs‚Ñ¢,-85%,"R$ 14,24",75.43%,May 2014,in 17 hours,6 days ago
160,Hearts of Iron III,-75%,"R$ 8,99",75.10%,Aug 2009,in 4 days,10 days ago
161,Nanotale - Typing Chronicles,-60%,"R$ 18,39",74.95%,Mar 2021,in 8 days,6 days ago
162,Age of Wonders,-75%,"R$ 5,49",74.90%,‚Äî,in 4 days,10 days ago
163,SpellForce 3 Reforced,-80%,"R$ 15,09",74.60%,Dec 2017,in 13 days,yesterday
164,Cities in Motion,-50%,"R$ 35,99",73.51%,Feb 2011,in 4 days,10 days ago
165,Vampire: The Masquerade - Shadows of New York,-80%,"R$ 5,37",73.25%,Sep 2020,in 8 days,6 days ago
166,Popup Dungeon,-60%,"R$ 18,99",72.88%,Aug 2020,in 17 hours,6 days ago
167,Steel Division: Normandy 44,-66%,"R$ 24,47",72.77%,May 2017,in 4 days,10 days ago
168,NeuroVoider,-75%,"R$ 8,49",72.57%,Aug 2016,in 8 days,6 days ago
169,SpellForce 2 - Anniversary Edition,-80%,"R$ 4,99",72.47%,Oct 2009,in 13 days,yesterday
170,Internet Cafe Simulator 2,-60%,"R$ 23,99",72.25%,Jan 2022,in 7 days,7 days ago
171,DRIFT CE,-50%,"R$ 49,50",71.15%,Jun 2021,in 17 hours,6 days ago
172,Vampire: The Masquerade - Coteries of New York,-90%,"R$ 3,79",70.79%,Dec 2019,in 8 days,6 days ago
173,Surviving the Aftermath,-70%,"R$ 32,39",69.38%,Nov 2021,in 4 days,10 days ago
174,Wurm Unlimited,-75%,"R$ 27,49",69.36%,Oct 2015,in 8 days,6 days ago
175,Belladonna,-75%,"R$ 3,62",69.16%,Feb 2015,in 8 days,6 days ago
176,Majesty 2,-75%,"R$ 8,99",67.49%,Sep 2009,in 4 days,10 days ago
177,Warlock 2: The Exiled,-75%,"R$ 17,99",67.18%,Apr 2014,in 4 days,10 days ago
178,King Arthur - The Role-playing Wargame,-75%,"R$ 8,99",66.84%,Nov 2009,in 4 days,10 days ago
179,Souldiers,-65%,"R$ 16,09",65.54%,Jun 2022,in 8 days,6 days ago
180,WRC 5 FIA World Rally Championship,-90%,"R$ 2,06",65.34%,Oct 2015,in 8 days,6 days ago
181,Victoria 3,-76%,"R$ 43,19",65.08%,Oct 2022,in 4 days,10 days ago
182,NECROPOLIS: BRUTAL EDITION,-75%,"R$ 26,99",63.76%,‚Äî,in 4 days,10 days ago
183,A Game of Dwarves,-75%,"R$ 8,99",61.53%,Oct 2012,in 4 days,10 days ago
184,Euro Truck Simulator 2,-75%,"R$ 15,49",96.61%,Oct 2012,in 11 days,3 days ago
185,Slay the Spire,-66%,"R$ 25,49",96.55%,Jan 2019,in 10 days,4 days ago
186,Bloons TD 6,-65%,"R$ 9,76",96.30%,Dec 2018,in 5 days,2 days ago
187,Dead Cells,-50%,"R$ 23,74",95.88%,Aug 2018,in 17 hours,6 days ago
188,Hotline Miami,-80%,"R$ 6,59",95.77%,Oct 2012,in 4 days,3 days ago
189,The Wolf Among Us,-50%,"R$ 25,00",95.71%,Oct 2013,in 17 hours,6 days ago
190,The Witcher¬Æ 3: Wild Hunt,-75%,"R$ 32,49",95.33%,May 2015,in 7 days,3 days ago
191,Oxygen Not Included,-66%,"R$ 15,63",95.33%,Jul 2019,in 17 hours,6 days ago
192,Broforce,-80%,"R$ 9,39",95.27%,Oct 2015,in 4 days,3 days ago
193,Keep Talking and Nobody Explodes,-60%,"R$ 18,79",95.10%,Oct 2015,in 2 days,10 days ago
194,INSIDE,-90%,"R$ 7,40",95.09%,Jul 2016,in 7 days,7 hours ago
195,Stronghold Crusader HD,-70%,"R$ 5,09",95.07%,Jul 2002,in 4 days,3 days ago
196,Tales of the Black Forest,-70%,"R$ 4,13",95.06%,Sep 2019,in 5 days,10 days ago
197,Tomb Raider,-80%,"R$ 12,49",95.01%,Mar 2013,in 17 hours,9 days ago
198,GRIS,-80%,"R$ 9,39",94.94%,Dec 2018,in 4 days,10 days ago
199,Milk inside a bag of milk inside a bag of milk,-50%,"R$ 1,74",94.76%,Aug 2020,in 17 hours,6 days ago
200,Mirror,-60%,"R$ 2,79",94.56%,Apr 2018,in 5 days,10 days ago
201,Enter the Gungeon,-70%,"R$ 14,09",94.24%,Apr 2016,in 4 days,6 days ago
202,Supreme Commander: Forged Alliance,-80%,"R$ 6,79",94.11%,Sep 2011,in 2 days,11 days ago
203,FTL: Faster Than Light,-75%,"R$ 5,99",94.03%,Sep 2012,in 17 hours,6 days ago
204,Fox Hime Zero,-70%,"R$ 2,09",93.84%,May 2018,in 5 days,10 days ago
205,Streets of Rogue,-75%,"R$ 14,99",93.81%,Jul 2019,in 8 days,6 days ago
206,Crypt of the NecroDancer,-80%,"R$ 9,39",93.71%,Apr 2015,in 17 hours,6 days ago
207,FlatOut 2‚Ñ¢,-80%,"R$ 13,99",93.70%,Aug 2006,in 4 days,10 days ago
208,shapez,-78%,"R$ 10,83",93.67%,Jun 2020,in 8 days,6 days ago
209,Downwell,-67%,"R$ 3,46",93.66%,Oct 2015,in 4 days,6 days ago
210,Metal: Hellsinger,-60%,"R$ 31,63",93.64%,Sep 2022,in 17 hours,6 days ago
211,Paint the Town Red,-50%,"R$ 29,99",93.62%,Jul 2021,in 17 hours,6 days ago
212,Superflight,-50%,"R$ 5,24",93.59%,Nov 2017,in 17 hours,6 days ago
213,The Talos Principle,-85%,"R$ 13,34",93.47%,Dec 2014,in 11 days,3 days ago
214,TY the Tasmanian Tiger,-50%,"R$ 13,99",93.47%,Dec 2016,in 17 hours,6 days ago
215,Bit Blaster XL,-50%,"R$ 1,74",93.15%,Jan 2016,in 17 hours,6 days ago
216,Orcs Must Die!,-75%,"R$ 5,17",93.14%,Oct 2011,in 8 days,4 days ago
217,Retrowave,-50%,"R$ 5,24",93.10%,May 2022,in 10 days,4 days ago
218,ROUNDS,-50%,"R$ 8,99",93.04%,Apr 2021,in 10 days,4 days ago
219,AudioSurf,-75%,"R$ 8,24",93.00%,Feb 2008,in 17 hours,6 days ago
220,Fluffy Store,-70%,"R$ 2,09",92.85%,Aug 2019,in 5 days,10 days ago
221,Star of Providence,-50%,"R$ 23,49",92.73%,Jun 2017,in 17 hours,6 days ago
222,Rise of the Tomb Raider‚Ñ¢,-80%,"R$ 24,99",92.70%,Feb 2016,in 17 hours,9 days ago
223,LYNE,-60%,"R$ 4,19",92.69%,Mar 2014,in 17 hours,6 days ago
224,Pikuniku,-80%,"R$ 8,39",92.59%,Jan 2019,in 4 days,3 days ago
225,Stronghold HD (2012),-70%,"R$ 3,59",92.59%,Oct 2001,in 17 hours,6 days ago
226,Stick Fight: The Game,-60%,"R$ 6,00",92.38%,Sep 2017,in 10 days,4 days ago
227,DR LIVESEY ROM AND DEATH EDITION,-50%,"R$ 1,74",92.38%,Feb 2023,in 10 days,4 days ago
228,Hotline Miami 2: Wrong Number,-85%,"R$ 7,04",92.32%,Mar 2015,in 4 days,3 days ago
229,CARRION,-70%,"R$ 17,99",92.30%,Jul 2020,in 4 days,3 days ago
230,Mount Your Friends,-65%,"R$ 5,94",92.27%,Jul 2014,in 17 hours,6 days ago
231,Tales of Maj'Eyal,-50%,"R$ 6,99",92.20%,Dec 2012,in 17 hours,6 days ago
232,Long Live The Queen,-65%,"R$ 9,09",91.88%,Nov 2013,in 17 hours,6 days ago
233,Descenders,-70%,"R$ 14,24",91.86%,May 2019,in 17 hours,6 days ago
234,Max Payne 2: The Fall of Max Payne,-65%,"R$ 5,24",91.79%,Oct 2003,in 8 days,6 days ago
235,Sleeping Dogs: Definitive Edition,-85%,"R$ 8,39",91.67%,Oct 2014,in 2 days,11 days ago
236,Chronicon,-60%,"R$ 17,79",91.66%,Aug 2020,in 17 hours,6 days ago
237,Skul: The Hero Slayer,-50%,"R$ 29,99",91.63%,Jan 2021,in 11 days,3 days ago
238,Heat Signature,-60%,"R$ 11,19",91.57%,Sep 2017,in 17 hours,6 days ago
239,The Red Strings Club,-75%,"R$ 11,74",91.56%,Jan 2018,in 4 days,10 days ago
240,Wingspan,-50%,"R$ 29,99",91.47%,Sep 2020,in 8 days,6 days ago
241,IRM√ÉO Grande & Brasileiro 2,-65%,"R$ 6,99",91.39%,Oct 2021,in 17 hours,6 days ago
242,Loop Hero,-67%,"R$ 15,50",91.32%,Mar 2021,in 4 days,6 days ago
243,LIMBO,-90%,"R$ 3,70",91.29%,Aug 2011,in 7 days,7 hours ago
244,Gato Roboto,-75%,"R$ 6,62",91.17%,May 2019,in 4 days,3 days ago
245,GORN,-50%,"R$ 29,99",91.16%,Jul 2019,in 4 days,3 days ago
246,Orcs Must Die! 2,-75%,"R$ 7,24",91.06%,Jul 2012,in 8 days,4 days ago
247,HUNTDOWN,-80%,"R$ 11,99",90.96%,May 2021,in 9 days,6 days ago
248,Sins of a Solar Empire¬Æ: Rebellion,-70%,"R$ 32,39",90.86%,Jun 2012,in 17 hours,6 days ago
249,SEUM: Speedrunners from Hell,-60%,"R$ 17,99",90.84%,Jul 2016,in 19 hours,5 days ago
250,Lords of the Realm II,-80%,"R$ 2,09",90.83%,Oct 1996,in 17 hours,12 days ago
251,Kiwi Clicker - Juiced Up,-50%,"R$ 8,49",90.77%,Jul 2022,in 8 days,6 days ago
252,Super Amazing Wagon Adventure,-66%,"R$ 3,56",90.72%,Oct 2013,in 17 hours,6 days ago
253,Legend of Grimrock,-80%,"R$ 9,39",90.68%,Apr 2012,in 17 hours,6 days ago
254,Brigador: Up-Armored Edition,-64%,"R$ 16,55",90.57%,Jun 2016,in 17 hours,6 days ago
255,APE OUT,-75%,"R$ 11,74",90.55%,Feb 2019,in 4 days,3 days ago
256,Rogue Legacy,-80%,"R$ 9,39",90.53%,Jun 2013,in 17 hours,6 days ago
257,Race The Sun,-75%,"R$ 8,24",90.50%,Dec 2013,in 17 hours,6 days ago
258,One Way Heroics,-69%,"R$ 1,85",90.48%,Feb 2014,in 17 hours,6 days ago
259,Darkest Dungeon¬Æ,-85%,"R$ 11,09",90.42%,Jan 2016,in 17 hours,6 days ago
260,Hero of the Kingdom,-85%,"R$ 3,97",90.11%,Dec 2012,in 17 hours,6 days ago
261,Spelunky,-75%,"R$ 6,99",89.85%,Aug 2013,in 17 hours,6 days ago
262,Siralim Ultimate,-50%,"R$ 29,99",89.85%,Dec 2021,in 17 hours,6 days ago
263,A Story About My Uncle,-80%,"R$ 9,39",89.82%,May 2014,in 9 days,6 days ago
264,Black Book,-60%,"R$ 31,99",89.81%,Aug 2021,in 17 hours,13 days ago
265,Serious Sam Fusion 2017 (beta),-90%,"R$ 5,99",89.74%,‚Äî,in 4 days,3 days ago
266,Thief‚Ñ¢ II: The Metal Age,-86%,"R$ 4,05",89.74%,Mar 2000,in 17 hours,9 days ago
267,Melody's Escape,-75%,"R$ 8,24",89.73%,May 2016,in 17 hours,6 days ago
268,Child of Light,-70%,"R$ 13,49",89.63%,Apr 2014,in 12 days,2 days ago
269,Men of War: Assault Squad 2,-80%,"R$ 17,79",89.59%,May 2014,in 3 days,4 days ago
270,Genital Jousting,-89%,"R$ 2,58",89.50%,Jan 2018,in 3 days,11 days ago
271,Escape Dungeon 2,-50%,"R$ 27,49",89.40%,Jan 2022,in 17 hours,6 days ago
272,Road 96 üõ£Ô∏è,-75%,"R$ 24,00",89.36%,Aug 2021,in 17 hours,13 days ago
273,Lovers in a Dangerous Spacetime,-50%,"R$ 13,99",89.35%,Sep 2015,in 17 hours,6 days ago
274,Just Cause 2,-90%,"R$ 6,49",89.27%,Mar 2010,in 2 days,11 days ago
275,TY the Tasmanian Tiger 2,-50%,"R$ 14,49",89.18%,Dec 2017,in 17 hours,6 days ago
276,Siralim 3,-50%,"R$ 23,49",89.05%,Oct 2018,in 17 hours,6 days ago
277,FlatOut,-80%,"R$ 13,99",89.04%,Jul 2005,‚Äî,10 days ago
278,Touhou Genso Wanderer -Reloaded-,-50%,"R$ 69,99",89.01%,Oct 2018,in 17 hours,6 days ago
279,Dropsy,-90%,"R$ 3,29",88.99%,Sep 2015,in 4 days,3 days ago
280,Heroes of Might & Magic V: Tribes of the East,-75%,"R$ 7,49",88.97%,Oct 2007,in 12 days,2 days ago
281,Lara Croft GO,-80%,"R$ 8,29",88.96%,Dec 2016,in 17 hours,9 days ago
282,Rampage Knights,-60%,"R$ 16,79",88.94%,Sep 2015,in 17 hours,6 days ago
283,Furry Shades of Gay 2: A Shade Gayer,-50%,"R$ 16,49",88.90%,Dec 2021,in 11 days,3 days ago
284,Pumpkin Jack,-75%,"R$ 22,24",88.82%,Oct 2020,in 3 days,4 days ago
285,Batman: The Enemy Within - The Telltale Series,-50%,"R$ 25,00",88.81%,Aug 2017,in 17 hours,6 days ago
286,NORCO,-60%,"R$ 18,79",88.76%,Mar 2022,in 4 days,10 days ago
287,Golf Peaks,-59%,"R$ 15,47",88.67%,Nov 2018,‚Äî,6 days ago
288,Dark Messiah of Might & Magic,-75%,"R$ 7,49",88.66%,Oct 2006,in 12 days,2 days ago
289,Thumper,-55%,"R$ 16,64",88.64%,Oct 2016,in 17 hours,6 days ago
290,Thief‚Ñ¢ Gold,-86%,"R$ 4,05",88.62%,Nov 1998,in 17 hours,9 days ago
291,Mutant Year Zero: Road to Eden,-60%,"R$ 36,79",88.55%,Dec 2018,in 17 hours,6 days ago
292,Bridge Constructor Portal,-90%,"R$ 3,29",88.52%,Dec 2017,in 3 days,4 days ago
293,Rogue Glitch Ultra,-50%,"R$ 19,24",88.50%,Mar 2021,in 17 hours,6 days ago
294,Super Panda Adventures,-50%,"R$ 5,44",88.39%,Jul 2014,in 17 hours,6 days ago
295,The Witcher 2: Assassins of Kings Enhanced Edition,-85%,"R$ 8,99",88.29%,May 2011,in 7 days,3 days ago
296,Nyan Cat: Lost In Space,-50%,"R$ 5,44",88.28%,Dec 2015,in 12 days,2 days ago
297,Lara Croft and the Guardian of Light,-85%,"R$ 6,22",88.24%,Sep 2010,in 17 hours,9 days ago
298,Disc Room,-67%,"R$ 15,50",88.19%,Oct 2020,in 4 days,3 days ago
299,ULTIMATE HARDBASS DEFENCE,-80%,"R$ 2,75",88.01%,Apr 2019,in 2 days,4 days ago
300,Renowned Explorers: International Society,-60%,"R$ 14,79",87.98%,Sep 2015,in 17 hours,6 days ago
301,Transport Fever 2,-55%,"R$ 48,59",87.96%,Dec 2019,in 17 hours,6 days ago
302,Rift Wizard,-50%,"R$ 14,49",87.91%,Sep 2021,in 17 hours,6 days ago
303,No Time to Relax,-50%,"R$ 13,94",87.91%,Feb 2019,in 17 hours,5 days ago
304,Nobody Saves the World,-60%,"R$ 29,59",87.88%,Jan 2022,in 17 hours,6 days ago
305,Dealer's Life,-50%,"R$ 14,99",87.87%,Jan 2019,in 7 days,7 days ago
306,Sky Rogue,-75%,"R$ 9,24",87.76%,Aug 2017,in 17 hours,6 days ago
307,Sanctum 2,-80%,"R$ 9,39",87.74%,May 2013,in 9 days,6 days ago
308,The House of Da Vinci 2,-50%,"R$ 29,99",87.74%,May 2020,in 17 hours,6 days ago
309,Ukrainian ball in search of gas,-50%,"R$ 1,74",87.71%,Dec 2017,in 17 hours,6 days ago
310,LUFTRAUSERS,-80%,"R$ 6,59",87.69%,Mar 2014,in 4 days,3 days ago
311,SPACEPLAN,-67%,"R$ 3,46",87.65%,May 2017,in 4 days,3 days ago
312,Monstrum,-70%,"R$ 10,19",87.59%,May 2015,in 17 hours,6 days ago
313,CHANGE: A Homeless Survival Experience,-60%,"R$ 14,79",87.57%,May 2020,in 17 hours,6 days ago
314,Assassin‚Äôs Creed¬Æ IV Black Flag‚Ñ¢,-70%,"R$ 35,99",87.56%,‚Äî,in 7 days,4 days ago
315,Heave Ho,-60%,"R$ 13,19",87.50%,Aug 2019,in 4 days,3 days ago
316,SLUDGE LIFE,-80%,"R$ 9,39",87.49%,Jun 2021,in 4 days,3 days ago
317,Legend of Grimrock 2,-80%,"R$ 14,20",87.48%,Oct 2014,in 17 hours,6 days ago
318,Intravenous,-70%,"R$ 17,99",87.45%,Jul 2021,in 17 hours,13 days ago
319,Aces & Adventures,-57%,"R$ 49,18",87.43%,Feb 2023,‚Äî,6 days ago
320,RUINER,-80%,"R$ 11,99",87.42%,Sep 2017,in 4 days,3 days ago
321,Space Pirates and Zombies,-50%,"R$ 9,99",87.37%,Aug 2011,in 17 hours,6 days ago
322,Human-powered spacecraft,-50%,"R$ 1,74",87.35%,May 2018,in 17 hours,6 days ago
323,The Vagrant,-80%,"R$ 2,75",87.34%,Jul 2018,in 5 days,10 days ago
324,Flamebreak,-75%,"R$ 5,17",87.31%,Mar 2016,in 17 hours,6 days ago
325,Red Comrades Save the Galaxy: Reloaded,-75%,"R$ 3,44",87.18%,Feb 2016,in 17 hours,6 days ago
326,LUNA The Shadow Dust,-66%,"R$ 40,48",87.16%,Feb 2020,in 4 days,10 days ago
327,SanctuaryRPG: Black Edition,-85%,"R$ 2,48",87.11%,Feb 2015,in 17 hours,6 days ago
328,Faerie Solitaire,-90%,"R$ 2,89",87.04%,Sep 2010,in 17 hours,6 days ago
329,Kandidatos,-50%,"R$ 1,74",86.99%,Sep 2020,in 3 days,11 days ago
330,NEO Scavenger,-75%,"R$ 11,74",86.88%,Dec 2014,in 17 hours,6 days ago
331,Diamo XL,-50%,"R$ 1,74",86.79%,Oct 2017,in 17 hours,6 days ago
332,Stellaris,-70%,"R$ 43,19",86.77%,May 2016,in 17 hours,12 days ago
333,Super Blood Hockey,-80%,"R$ 9,39",86.74%,Aug 2017,in 17 hours,6 days ago
334,Witch It,-80%,"R$ 11,99",86.67%,Oct 2020,in 2 days,9 days ago
335,Men of War‚Ñ¢,-85%,"R$ 2,54",86.46%,May 2009,in 3 days,4 days ago
336,Neon Chrome,-60%,"R$ 18,79",86.46%,Apr 2016,in 17 hours,6 days ago
337,Battle Brothers,-50%,"R$ 34,99",86.42%,Mar 2017,in 17 hours,6 days ago
338,Sex and the Furry Titty 2: Sins of the City,-50%,"R$ 16,49",86.34%,Sep 2022,in 11 days,3 days ago
339,Scythe: Digital Edition,-60%,"R$ 23,99",86.18%,Sep 2018,in 17 hours,6 days ago
340,Icewind Dale: Enhanced Edition,-80%,"R$ 11,99",86.16%,Oct 2014,in 17 hours,6 days ago
341,Mini Ninjas,-85%,"R$ 5,23",86.14%,Sep 2009,in 2 days,11 days ago
342,Supreme Commander 2,-75%,"R$ 13,72",86.10%,Mar 2010,in 2 days,11 days ago
343,Jurassic World Evolution 2,-70%,"R$ 32,99",86.08%,Nov 2021,in 8 days,3 days ago
344,Octogeddon,-50%,"R$ 9,44",86.05%,Feb 2018,in 17 hours,6 days ago
345,Knightfall: A Daring Journey,-50%,"R$ 8,99",86.01%,Apr 2022,in 10 days,4 days ago
346,The Longest Journey,-60%,"R$ 13,19",86.00%,Nov 2000,in 17 hours,6 days ago
347,Sex and the Furry Titty,-60%,"R$ 9,40",85.84%,Jun 2021,in 11 days,3 days ago
348,Sanctum,-80%,"R$ 6,59",85.83%,Apr 2011,in 9 days,6 days ago
349,Golden Light,-50%,"R$ 29,99",85.76%,Mar 2022,in 17 hours,6 days ago
350,Olija,-70%,"R$ 14,09",85.75%,Jan 2021,in 4 days,3 days ago
351,Minit,-80%,"R$ 6,59",85.72%,Apr 2018,in 4 days,3 days ago
352,Stronghold 2: Steam Edition,-70%,"R$ 8,39",85.72%,‚Äî,in 17 hours,6 days ago
353,Oknytt,-83%,"R$ 1,78",85.66%,Jul 2013,in 17 hours,6 days ago
354,Star Valor,-60%,"R$ 29,59",85.66%,Aug 2022,in 17 hours,6 days ago
355,UBERMOSH,-90%,"R$ 1,74",85.47%,Aug 2015,in 10 days,4 days ago
356,Supreme Commander,-80%,"R$ 6,79",85.42%,Feb 2007,in 2 days,11 days ago
357,Tallowmere,-75%,"R$ 3,44",85.41%,Mar 2015,in 17 hours,6 days ago
358,The Inner World,-90%,"R$ 4,69",85.37%,Sep 2013,in 3 days,4 days ago
359,Hydroneer,-50%,"R$ 23,49",85.35%,May 2020,in 17 hours,6 days ago
360,FlatOut: Ultimate Carnage Collector's Edition,-80%,"R$ 13,99",85.30%,Aug 2008,in 4 days,10 days ago
361,Heroes of Hammerwatch,-60%,"R$ 15,39",85.26%,Mar 2018,in 17 hours,6 days ago
362,Marc Eck≈ç's Getting Up: Contents Under Pressure,-90%,"R$ 4,69",85.20%,Feb 2006,in 4 days,3 days ago
363,Prison Run and Gun,-80%,"R$ 2,75",85.20%,Mar 2016,in 17 hours,6 days ago
364,Men of War: Assault Squad,-90%,"R$ 3,29",85.17%,Feb 2011,in 3 days,4 days ago
365,Reigns,-67%,"R$ 3,46",85.06%,Aug 2016,in 4 days,3 days ago
366,"Football, Tactics & Glory",-80%,"R$ 14,79",84.98%,Jun 2018,in 17 hours,6 days ago
367,Catlateral Damage,-75%,"R$ 8,24",84.95%,May 2015,in 17 hours,6 days ago
368,Puzzle Agent,-50%,"R$ 9,99",84.87%,‚Äî,in 17 hours,6 days ago
369,Max Payne 3,-70%,"R$ 29,85",84.83%,Jun 2012,in 8 days,6 days ago
370,Tomb Raider: Legend,-86%,"R$ 4,05",84.74%,Apr 2006,in 17 hours,9 days ago
371,Choice of Life: Middle Ages,-80%,"R$ 3,39",84.71%,Nov 2020,in 17 hours,13 days ago
372,MY HERO ONE'S JUSTICE 2,-85%,"R$ 23,23",84.64%,Sep 2023,in 17 hours,6 days ago
373,Juicy Realm,-50%,"R$ 10,34",84.62%,May 2018,in 17 hours,6 days ago
374,Heroes of Might & Magic V,-75%,"R$ 7,49",84.59%,May 2006,in 12 days,2 days ago
375,Conquest of Elysium 5,-50%,"R$ 44,49",84.51%,Aug 2021,in 17 hours,6 days ago
376,Devolver Bootleg,-70%,"R$ 5,09",84.50%,Jun 2019,in 4 days,3 days ago
377,ToeJam & Earl: Back in the Groove!,-90%,"R$ 2,89",84.49%,Mar 2019,in 17 hours,6 days ago
378,Grim Nights,-50%,"R$ 5,24",84.48%,Oct 2018,in 17 hours,6 days ago
379,Stories Untold,-80%,"R$ 6,59",84.39%,Feb 2017,in 4 days,3 days ago
380,Battlezone: Combat Commander,-81%,"R$ 7,21",84.38%,Mar 2018,in 17 hours,12 days ago
381,Game Corp DX,-75%,"R$ 2,62",84.37%,Oct 2015,in 17 hours,6 days ago
382,Pawnbarian,-50%,"R$ 10,34",84.37%,Sep 2021,in 17 hours,6 days ago
383,PANELKI,-80%,"R$ 3,39",84.34%,Mar 2022,in 8 days,6 days ago
384,The Solitaire Conspiracy,-80%,"R$ 4,97",84.29%,Oct 2020,in 17 hours,6 days ago
385,AI War 2,-75%,"R$ 14,99",84.28%,Oct 2019,in 17 hours,6 days ago
386,The Enchanted Cave 2,-75%,"R$ 5,17",84.28%,Jun 2015,in 17 hours,6 days ago
387,Mother Russia Bleeds,-80%,"R$ 9,39",84.20%,Sep 2016,in 4 days,3 days ago
388,We Need To Go Deeper,-50%,"R$ 15,49",84.19%,Aug 2019,in 17 hours,6 days ago
389,Adventure Time: Pirates of the Enchiridion,-60%,"R$ 18,99",84.13%,Jul 2018,in 17 hours,6 days ago
390,Aliens versus Predator Classic 2000,-80%,"R$ 3,39",84.08%,Mar 2000,in 17 hours,12 days ago
391,L.A. Noire,-70%,"R$ 29,85",84.05%,Nov 2011,in 8 days,6 days ago
392,Virtual Rides 3 - Funfair Simulator,-60%,"R$ 29,59",84.03%,Mar 2017,in 17 hours,6 days ago
393,YORG.io,-80%,"R$ 2,75",83.98%,May 2019,in 8 days,6 days ago
394,Tales of Monkey Island: Complete Season,-50%,"R$ 25,00",83.97%,Jul 2009,in 17 hours,6 days ago
395,Colt Canyon,-80%,"R$ 9,39",83.88%,Jun 2020,in 3 days,4 days ago
396,Dungeon of the ENDLESS‚Ñ¢,-80%,"R$ 4,79",83.76%,Oct 2014,in 17 hours,6 days ago
397,My Friend Stalin,-50%,"R$ 1,74",83.73%,Jun 2021,in 9 days,5 days ago
398,Ride 2,-90%,"R$ 12,45",83.70%,Oct 2016,in 17 hours,6 days ago
399,Batman - The Telltale Series,-50%,"R$ 25,00",83.66%,Aug 2016,in 17 hours,6 days ago
400,Murdered: Soul Suspect,-90%,"R$ 5,59",83.62%,Jun 2014,in 2 days,11 days ago
401,Â¶ÑÊÉ≥ÁóáÔºöDeliver Me,-70%,"R$ 2,09",83.57%,Aug 2018,in 5 days,10 days ago
402,üëë Idle Calibur üëëÔºàÈÄâÁéã‰πãÂâëÔºâ,-50%,"R$ 13,24",83.57%,Jan 2022,in 12 days,2 days ago
403,Hyper Knights,-75%,"R$ 4,24",83.56%,May 2017,in 17 hours,6 days ago
404,The Bible,-75%,"R$ 7,24",83.53%,Nov 2022,in 17 hours,6 days ago
405,Sable,-65%,"R$ 25,89",83.51%,Sep 2021,in 4 days,10 days ago
406,Nevergrind Online,-50%,"R$ 19,24",83.50%,Jun 2022,in 17 hours,6 days ago
407,Caveblazers,-90%,"R$ 3,29",83.47%,May 2017,in 17 hours,6 days ago
408,Remnant: From the Ashes,-70%,"R$ 22,64",83.45%,Aug 2019,in 8 days,6 days ago
409,Conquest of Elysium 4,-75%,"R$ 18,49",83.44%,Nov 2015,in 17 hours,6 days ago
410,Faces of War,-85%,"R$ 2,54",83.42%,Sep 2006,in 3 days,4 days ago
411,Russian Village Simulator,-50%,"R$ 23,49",83.38%,Sep 2023,in 17 hours,6 days ago
412,Jianghu Survivor,-50%,"R$ 11,75",83.33%,Jun 2023,in 17 hours,6 days ago
413,BDSM: Big Drunk Satanic Massacre,-88%,"R$ 4,55",83.31%,Oct 2019,in 17 hours,6 days ago
414,WazHack,-69%,"R$ 5,26",83.31%,Feb 2014,in 17 hours,6 days ago
415,The Dungeon Beneath,-50%,"R$ 23,49",83.24%,Oct 2020,in 17 hours,6 days ago
416,Orcs Must Die! 3,-70%,"R$ 26,69",83.22%,Jul 2021,in 8 days,4 days ago
417,Steredenn: Binary Stars,-60%,"R$ 16,79",83.18%,Oct 2015,in 17 hours,6 days ago
418,Stronghold Legends: Steam Edition,-70%,"R$ 8,39",83.12%,Oct 2009,in 17 hours,6 days ago
419,Cosmic DJ,-67%,"R$ 3,46",83.12%,Oct 2014,in 4 days,3 days ago
420,Bully: Scholarship Edition,-65%,"R$ 13,99",83.11%,Oct 2008,in 8 days,6 days ago
421,–ï–°–¢–¨ –î–í–ê –°–¢–£–õ–ê,-50%,"R$ 1,74",83.10%,Jun 2018,in 3 days,11 days ago
422,NOT A HERO,-80%,"R$ 11,99",83.06%,Jul 2016,in 4 days,3 days ago
423,Beyond Gravity,-50%,"R$ 2,14",83.06%,Sep 2014,in 17 hours,6 days ago
424,Super Sanctum TD,-80%,"R$ 3,39",83.04%,May 2013,in 9 days,6 days ago
425,A Robot Named Fight!,-75%,"R$ 6,72",83.02%,Sep 2017,in 17 hours,6 days ago
426,–í–ó–õ–û–ú –ñ–û–ü–´,-50%,"R$ 1,74",83.01%,Feb 2020,in 3 days,11 days ago
427,The Little Acre,-80%,"R$ 5,19",82.97%,Dec 2016,in 17 hours,6 days ago
428,Shadow of the Tomb Raider: Definitive Edition,-89%,"R$ 41,24",82.87%,Sep 2018,‚Äî,9 days ago
429,Police Stories,-80%,"R$ 11,99",82.82%,Sep 2019,in 17 hours,13 days ago
430,Magicite,-50%,"R$ 10,34",82.81%,Jun 2014,in 17 hours,6 days ago
431,Prince of Persia¬Æ: The Sands of Time,-80%,"R$ 5,99",82.79%,Dec 2003,in 12 days,2 days ago
432,Plebby Quest: The Crusades,-80%,"R$ 11,99",82.76%,Apr 2020,in 11 days,3 days ago
433,Diggles: The Myth of Fenris,-60%,"R$ 8,27",82.76%,Dec 2020,in 10 days,4 days ago
434,Judge Dredd: Dredd vs. Death,-60%,"R$ 6,39",82.71%,Feb 2005,in 17 hours,12 days ago
435,Furry Shades of Gay,-60%,"R$ 9,40",82.69%,Dec 2020,in 11 days,3 days ago
436,Deadly Days,-90%,"R$ 2,48",82.67%,Sep 2019,in 8 days,6 days ago
437,South Park‚Ñ¢: The Fractured But Whole‚Ñ¢,-80%,"R$ 27,99",82.55%,Oct 2017,in 7 days,7 hours ago
438,Over 9000 Zombies!,-72%,"R$ 1,95",82.54%,Feb 2015,in 17 hours,6 days ago
439,My Cute Fuhrer,-60%,"R$ 2,79",82.50%,Apr 2020,in 8 days,6 days ago
440,Just Cause‚Ñ¢ 3,-85%,"R$ 6,44",82.45%,Nov 2015,in 2 days,11 days ago
441,Razortron 2000,-50%,"R$ 1,74",82.43%,Oct 2016,in 13 days,yesterday
442,Sid Meier's Civilization IV: Colonization,-75%,"R$ 7,49",82.42%,Sep 2008,in 8 days,6 days ago
443,Despot's Game: Dystopian Battle Simulator,-60%,"R$ 15,19",82.40%,Sep 2022,in 8 days,6 days ago
444,Neversong,-70%,"R$ 14,69",82.37%,May 2020,in 17 hours,13 days ago
445,BARRIER X,-70%,"R$ 1,88",82.36%,May 2016,in 17 hours,13 days ago
446,Kandidatos Kart,-50%,"R$ 1,74",82.36%,Oct 2020,in 3 days,11 days ago
447,Desktop Kanojo,-50%,"R$ 5,24",82.33%,Apr 2020,in 17 hours,6 days ago
448,Rebuild 3: Gangs of Deadsville,-60%,"R$ 18,79",82.30%,May 2015,in 17 hours,6 days ago
449,PHOGS!,-55%,"R$ 21,37",82.25%,Dec 2020,in 2 days,12 days ago
450,Home Behind,-75%,"R$ 5,12",82.22%,Jun 2016,in 17 hours,6 days ago
451,Curse of the Dead Gods,-65%,"R$ 26,21",82.18%,Feb 2021,in 11 days,3 days ago
452,Ni no Kuni‚Ñ¢ II: Revenant Kingdom,-85%,"R$ 51,36",82.14%,Mar 2018,in 17 hours,6 days ago
453,Red Dead Online,-50%,"R$ 55,99",82.13%,Dec 2020,in 8 days,6 days ago
454,Youropa,-75%,"R$ 7,24",82.10%,Jun 2018,in 3 days,11 days ago
455,Exit From,-70%,"R$ 5,09",82.07%,Apr 2021,in 10 days,4 days ago
456,Puzzle Agent 2,-50%,"R$ 9,99",82.02%,Jun 2011,in 17 hours,6 days ago
457,SCP Strategy,-85%,"R$ 3,52",82.01%,May 2022,in 17 hours,6 days ago
458,Hobo: Tough Life,-60%,"R$ 35,59",81.92%,Apr 2021,in 17 hours,6 days ago
459,Sacred Gold,-75%,"R$ 4,99",81.87%,Aug 2006,in 17 hours,6 days ago
460,ENDLESS‚Ñ¢ Space 2,-75%,"R$ 19,99",81.85%,May 2017,in 4 days,3 days ago
461,The Eternal Cylinder,-65%,"R$ 25,89",81.78%,Oct 2022,in 4 days,3 days ago
462,Blazing Beaks,-75%,"R$ 7,24",81.76%,May 2019,in 17 hours,6 days ago
463,Hitman GO: Definitive Edition,-80%,"R$ 3,19",81.69%,Feb 2016,in 17 hours,9 days ago
464,Mortal Glory,-50%,"R$ 13,24",81.69%,Jan 2020,in 17 hours,6 days ago
465,Serious Sam VR: The First Encounter,-90%,"R$ 5,99",81.67%,Mar 2017,in 4 days,3 days ago
466,Tomb Raider IV: The Last Revelation,-86%,"R$ 4,05",81.58%,Nov 2012,in 17 hours,9 days ago
467,Star Traders: Frontiers,-50%,"R$ 23,49",81.45%,Aug 2018,in 17 hours,6 days ago
468,Faerie Solitaire Remastered,-90%,"R$ 2,89",81.44%,Dec 2017,in 17 hours,6 days ago
469,12 is Better Than 6,-90%,"R$ 1,99",81.41%,Nov 2015,in 17 hours,13 days ago
470,Tokyo Dark,-75%,"R$ 8,49",81.37%,Sep 2017,in 2 days,11 days ago
471,Runestone Keeper,-80%,"R$ 3,99",81.34%,Mar 2015,in 17 hours,6 days ago
472,CASE: Animatronics,-85%,"R$ 4,94",81.30%,Aug 2016,in 17 hours,6 days ago
473,Legacy of Kain: Defiance,-86%,"R$ 4,05",81.28%,Dec 2003,in 17 hours,9 days ago
474,Orbital Bullet ‚Äì The 360¬∞ Rogue-lite,-80%,"R$ 6,59",81.28%,Mar 2022,in 17 hours,13 days ago
475,The logic of the miniature garden,-80%,"R$ 6,59",81.28%,Jun 2019,in 5 days,10 days ago
476,HALF DEAD 2,-50%,"R$ 4,49",81.28%,Aug 2019,in 17 hours,6 days ago
477,Transport Fever,-85%,"R$ 13,34",81.27%,Nov 2016,in 17 hours,6 days ago
478,DOKA 2 KISHKI EDITION,-50%,"R$ 1,74",81.25%,Nov 2018,in 10 days,4 days ago
479,Will Glow the Wisp,-70%,"R$ 2,09",81.21%,Sep 2017,in 17 hours,6 days ago
480,War of the Human Tanks,-50%,"R$ 16,49",81.17%,Sep 2012,in 8 days,3 days ago
481,Roguebook,-70%,"R$ 32,99",81.16%,Jun 2021,in 17 hours,6 days ago
482,Battlestar Galactica Deadlock,-80%,"R$ 21,59",81.15%,Aug 2017,in 17 hours,6 days ago
483,Desktop Dungeons,-50%,"R$ 12,49",81.14%,Apr 2023,in 8 days,6 days ago
484,FORWARD: Escape the Fold - Ultimate Edition,-50%,"R$ 10,34",81.11%,Mar 2022,in 17 hours,6 days ago
485,MXGP PRO,-90%,"R$ 12,45",81.08%,Jun 2018,in 17 hours,6 days ago
486,Serious Sam VR: The Last Hope,-76%,"R$ 70,37",81.02%,Sep 2017,‚Äî,3 days ago
487,Phantom Abyss,-50%,"R$ 29,99",81.01%,Jan 2024,in 4 days,3 days ago
488,ADOM (Ancient Domains Of Mystery),-50%,"R$ 13,99",81.01%,Nov 2015,in 17 hours,13 days ago
489,Hard Truck Apocalypse / Ex Machina,-75%,"R$ 6,62",80.93%,Dec 2005,in 17 hours,6 days ago
490,Moonlighter,-85%,"R$ 6,15",80.87%,May 2018,in 16 hours,6 days ago
491,Men of War: Red Tide,-85%,"R$ 2,54",80.82%,Nov 2009,in 3 days,4 days ago
492,Slasher's Keep,-65%,"R$ 9,76",80.76%,Nov 2020,in 16 hours,6 days ago
493,–°–∏–º—É–ª—è—Ç–æ—Ä –°–∏–¥–µ–Ω–∏—è —É –ü–æ–¥—ä–µ–∑–¥–∞,-50%,"R$ 1,74",80.76%,Apr 2019,in 3 days,11 days ago
494,Euro Truck Simulator,-80%,"R$ 3,21",80.73%,Aug 2008,in 11 days,3 days ago
495,Unexplored,-50%,"R$ 9,99",80.73%,Feb 2017,in 16 hours,6 days ago
496,Tricolour Lovestory,-70%,"R$ 2,09",80.70%,Sep 2017,in 5 days,10 days ago
497,Quantum Conundrum,-89%,"R$ 3,17",80.66%,Jun 2012,in 2 days,11 days ago
498,Grand Theft Auto IV: The Complete Edition,-70%,"R$ 23,70",80.62%,Mar 2020,in 8 days,6 days ago
499,Asura: Vengeance Edition,-50%,"R$ 9,99",80.61%,Apr 2017,in 16 hours,6 days ago
500,Barro Racing,-90%,"R$ 1,74",80.57%,Sep 2020,in 6 days,8 days ago
501,Nexus - The Jupiter Incident,-80%,"R$ 3,99",80.54%,Nov 2004,in 16 hours,6 days ago
502,Expeditions: Viking,-75%,"R$ 13,99",80.52%,Apr 2017,in 16 hours,6 days ago
503,Metal Unit,-80%,"R$ 9,39",80.50%,Jan 2021,in 11 days,3 days ago
504,Isonzo,-67%,"R$ 29,36",80.46%,Sep 2022,in 12 days,2 days ago
505,I got a cat maid,-60%,"R$ 1,79",80.45%,Aug 2019,in 5 days,3 days ago
506,Sword of the Stars: The Pit,-50%,"R$ 8,49",80.45%,Feb 2013,in 16 hours,6 days ago
507,Dreamfall: The Longest Journey,-60%,"R$ 23,99",80.36%,Apr 2006,in 16 hours,6 days ago
508,Life is Strange Remastered,-50%,"R$ 99,50",80.32%,Feb 2022,in 2 days,11 days ago
509,"Flashing Lights - Police, Firefighting, Emergency Services (EMS) Simulator",-66%,"R$ 16,14",80.29%,May 2023,in 16 hours,6 days ago
510,Serious Sam 3 VR: BFE,-85%,"R$ 13,34",80.24%,Nov 2017,in 4 days,3 days ago
511,Full Mojo Rampage,-50%,"R$ 9,99",80.21%,May 2014,in 16 hours,6 days ago
512,Tomb Raider: Anniversary,-89%,"R$ 4,12",80.11%,Jun 2007,in 16 hours,9 days ago
513,Soldiers: Heroes of World War II,-85%,"R$ 2,54",80.09%,Jun 2004,in 3 days,4 days ago
514,Steep‚Ñ¢,-85%,"R$ 13,49",80.07%,Dec 2016,in 12 days,2 days ago
515,Game Dev Studio,-70%,"R$ 9,89",80.02%,Mar 2018,in 8 days,6 days ago
516,They Bleed Pixels,-75%,"R$ 8,24",80.01%,Aug 2012,in 6 days,8 days ago
517,Warstone TD,-80%,"R$ 5,79",79.98%,May 2018,in 10 days,4 days ago
518,CASE 2: Animatronics Survival,-76%,"R$ 7,91",79.84%,Aug 2018,in 16 hours,6 days ago
519,Tangledeep,-60%,"R$ 11,19",79.76%,Feb 2018,in 16 hours,6 days ago
520,Reigns: Her Majesty,-67%,"R$ 3,46",79.67%,Dec 2017,in 4 days,3 days ago
521,The Crew‚Ñ¢ 2,-80%,"R$ 35,99",79.66%,Jun 2018,in 7 days,8 hours ago
522,Noob - The Factionless,-60%,"R$ 31,99",79.60%,Jun 2023,in 3 days,4 days ago
523,Blackout Z: Slaughterhouse Edition,-50%,"R$ 1,74",79.50%,Oct 2017,in 13 days,yesterday
524,Dead Age,-90%,"R$ 4,69",79.45%,Jul 2016,in 3 days,4 days ago
525,CPU Invaders,-90%,"R$ 1,74",79.44%,Feb 2017,in 11 days,3 days ago
526,Death's Gambit: Afterlife,-50%,"R$ 29,99",79.37%,Aug 2018,in 16 hours,13 days ago
527,bit Dungeon II,-75%,"R$ 2,09",79.36%,Dec 2014,in 16 hours,6 days ago
528,Syder Arcade,-50%,"R$ 9,99",79.24%,Oct 2013,in 16 hours,6 days ago
529,Time Warpers,-50%,"R$ 18,99",79.22%,Jan 2020,in 12 days,2 days ago
530,The Talos Principle VR,-70%,"R$ 26,69",79.18%,Oct 2017,in 11 days,3 days ago
531,Lust from Beyond,-58%,"R$ 15,95",79.17%,Mar 2021,in 16 hours,6 days ago
532,G.O.P.O.T.A,-50%,"R$ 1,74",79.14%,Apr 2023,in 16 hours,6 days ago
533,CRYPTARK,-75%,"R$ 6,99",79.08%,Jun 2017,in 16 hours,6 days ago
534,Hentai Furry 2,-50%,"R$ 1,74",79.08%,Nov 2020,in 10 days,4 days ago
535,Fantasy General II,-70%,"R$ 32,39",79.01%,Sep 2019,in 16 hours,6 days ago
536,Braveland,-90%,"R$ 3,29",79.00%,Mar 2014,in 16 hours,6 days ago
537,AI War: Fleet Command,-75%,"R$ 8,24",79.00%,Oct 2009,in 16 hours,6 days ago
538,Monsters' Den: Godfall,-66%,"R$ 15,97",78.98%,Jul 2017,in 16 hours,6 days ago
539,Blade Kitten,-50%,"R$ 3,14",78.98%,Sep 2010,in 16 hours,6 days ago
540,Happy Quest,-70%,"R$ 2,09",78.91%,Nov 2020,in 16 hours,6 days ago
541,OlliOlli2: Welcome to Olliwood,-80%,"R$ 9,39",78.88%,Aug 2015,in 4 days,3 days ago
542,TT Isle of Man: Ride on the Edge 2,-75%,"R$ 17,49",78.86%,Mar 2020,in 16 hours,6 days ago
543,Interstellar Space: Genesis,-67%,"R$ 19,13",78.85%,Jul 2019,in 16 hours,6 days ago
544,8-Bit Armies,-50%,"R$ 23,49",78.82%,Apr 2016,in 4 days,10 days ago
545,ENDLESS‚Ñ¢ Space - Definitive Edition,-75%,"R$ 4,99",78.60%,Jul 2012,in 4 days,3 days ago
546,Thief: Deadly Shadows,-89%,"R$ 4,12",78.54%,Jun 2004,in 16 hours,9 days ago
547,The Textorcist: The Story of Ray Bibbia,-88%,"R$ 5,63",78.52%,Feb 2019,in 3 days,4 days ago
548,Dungeon Siege,-86%,"R$ 3,06",78.44%,Apr 2002,in 2 days,11 days ago
549,Evoland Legendary Edition,-75%,"R$ 9,24",78.44%,Feb 2019,tomorrow,7 days ago
550,Gloom,-75%,"R$ 8,24",78.40%,Apr 2017,in 16 hours,6 days ago
551,Serious Sam Double D XXL,-90%,"R$ 3,29",78.35%,Aug 2011,in 4 days,3 days ago
552,Gay World,-50%,"R$ 1,74",78.25%,Jan 2018,in 16 hours,6 days ago
553,Cargo Commander,-73%,"R$ 4,58",78.19%,Nov 2012,in 16 hours,6 days ago
554,Hentai Waifu,-50%,"R$ 1,74",78.18%,Mar 2019,in 13 days,yesterday
555,Bus Driver,-80%,"R$ 3,21",78.17%,Mar 2007,in 11 days,3 days ago
556,Signal Simulator,-50%,"R$ 18,50",78.17%,Apr 2018,in 16 hours,6 days ago
557,DungeonTop,-53%,"R$ 14,56",78.16%,Jun 2020,in 16 hours,6 days ago
558,Broken Armor,-50%,"R$ 1,74",78.16%,Aug 2016,in 16 hours,6 days ago
559,Sword Art Online: Fatal Bullet,-85%,"R$ 23,98",78.15%,Feb 2018,in 16 hours,6 days ago
560,Judgment: Apocalypse Survival Simulation,-60%,"R$ 23,99",78.05%,May 2018,in 4 days,10 days ago
561,Bloody Trapland 2: Curiosity,-75%,"R$ 8,24",77.98%,Feb 2019,in 16 hours,6 days ago
562,Blueprint Tycoon,-75%,"R$ 2,62",77.98%,May 2016,in 16 hours,6 days ago
563,Cultist Simulator,-50%,"R$ 18,99",77.85%,May 2018,in 16 hours,6 days ago
564,Roguelands,-50%,"R$ 10,34",77.82%,Nov 2015,in 16 hours,6 days ago
565,Weedcraft Inc,-75%,"R$ 14,99",77.78%,Apr 2019,in 4 days,3 days ago
566,Hero's Hour,-50%,"R$ 17,49",77.76%,Mar 2022,in 16 hours,6 days ago
567,Roundguard,-75%,"R$ 14,99",77.73%,Mar 2020,in 16 hours,6 days ago
568,Black Reliquary,-79%,"R$ 25,11",77.51%,Mar 2023,‚Äî,6 days ago
569,Ship of Fools,-60%,"R$ 45,99",77.49%,Nov 2022,in 2 days,5 days ago
570,Xpand Rally,-89%,"R$ 1,86",77.47%,Aug 2006,in 5 days,9 days ago
571,Windward,-50%,"R$ 10,34",77.45%,May 2015,in 16 hours,6 days ago
572,Jack Move,-50%,"R$ 18,99",77.44%,Sep 2022,in 16 hours,13 days ago
573,Scania Truck Driving Simulator,-80%,"R$ 6,39",77.40%,Jun 2012,in 11 days,3 days ago
574,Titan Souls,-90%,"R$ 4,69",77.17%,Apr 2015,in 4 days,3 days ago
575,OmniBus,-80%,"R$ 3,39",77.17%,May 2016,in 4 days,3 days ago
576,EVERSPACE‚Ñ¢,-85%,"R$ 8,99",77.13%,May 2017,in 16 hours,6 days ago
577,Banners of Ruin,-70%,"R$ 11,39",77.09%,Jul 2021,in 4 days,3 days ago
578,Weapon Shop Fantasy,-50%,"R$ 10,34",77.05%,Feb 2017,in 10 days,4 days ago
579,Bridge Constructor Medieval,-90%,"R$ 3,29",76.97%,Sep 2014,in 3 days,4 days ago
580,Legend of Keepers: Career of a Dungeon Manager,-80%,"R$ 7,99",76.91%,Apr 2021,in 16 hours,6 days ago
581,Oceanhorn: Monster of Uncharted Seas,-50%,"R$ 13,99",76.82%,Mar 2015,in 16 hours,6 days ago
582,Blair Witch,-80%,"R$ 11,59",76.77%,Aug 2019,in 2 days,10 days ago
583,X4: Foundations,-60%,"R$ 53,99",76.76%,Nov 2018,in 16 hours,6 days ago
584,Alwa's Awakening,-81%,"R$ 6,26",76.62%,Feb 2017,in 16 hours,6 days ago
585,Heart&Slash,-81%,"R$ 5,50",76.62%,Aug 2016,in 8 days,4 days ago
586,Alex Kidd in Miracle World DX,-71%,"R$ 42,05",76.60%,Jun 2021,‚Äî,6 days ago
587,Moon Hunters,-90%,"R$ 4,69",76.45%,Mar 2016,in 16 hours,6 days ago
588,Observation,-75%,"R$ 18,49",76.41%,May 2020,in 4 days,3 days ago
589,LEGIONCRAFT,-50%,"R$ 13,94",76.41%,Aug 2022,in 10 days,4 days ago
590,Daily Wife,-92%,"R$ 2,56",76.33%,Aug 2020,in 14 days,15 hours ago
591,Peekaboo,-80%,"R$ 2,75",76.21%,Aug 2019,in 14 days,8 hours ago
592,Mech Armada,-75%,"R$ 9,49",76.18%,Jun 2022,in 16 hours,6 days ago
593,Crossing Souls,-80%,"R$ 9,39",76.15%,Feb 2018,in 4 days,3 days ago
594,Elite Dangerous,-70%,"R$ 17,99",76.07%,Apr 2015,in 8 days,3 days ago
595,Weird West: Definitive Edition,-75%,"R$ 24,99",76.05%,Mar 2022,in 4 days,3 days ago
596,Expeditions: Conquistador,-75%,"R$ 8,74",76.05%,May 2013,in 16 hours,6 days ago
597,Streamer Life Simulator,-70%,"R$ 23,26",76.05%,Aug 2020,in 16 hours,6 days ago
598,Escape Dungeon,-60%,"R$ 16,79",76.04%,Nov 2020,in 16 hours,6 days ago
599,Prince of Persia: The Two Thrones‚Ñ¢,-80%,"R$ 5,99",76.02%,Dec 2005,in 12 days,2 days ago
600,Sproggiwood,-60%,"R$ 18,79",76.02%,Oct 2014,in 16 hours,6 days ago
601,Prince of Persia¬Æ,-80%,"R$ 5,99",75.97%,Dec 2008,in 12 days,2 days ago
602,Anarchy: Wolf's law,-78%,"R$ 11,81",75.95%,Jun 2023,‚Äî,8 days ago
603,The Blackout Club,-50%,"R$ 28,99",75.87%,Jul 2019,in 16 hours,6 days ago
604,Dungeon Escape,-83%,"R$ 2,34",75.83%,May 2016,in 16 hours,4 days ago
605,Incubus,-60%,"R$ 14,31",75.77%,Jul 2023,in 10 days,7 hours ago
606,DreadOut: Keepers of The Dark,-80%,"R$ 2,79",75.75%,Mar 2016,in 5 days,5 days ago
607,Despotism 3k,-60%,"R$ 6,63",75.74%,Nov 2018,in 16 hours,6 days ago
608,–°–∏–º—É–ª—è—Ç–æ—Ä –ü—Ä—ã–≥–∞–Ω–∏—è –ø–æ –ì–∞—Ä–∞–∂–∞–º,-50%,"R$ 1,74",75.70%,Dec 2022,in 10 days,4 days ago
609,Livelock,-85%,"R$ 3,10",75.65%,Aug 2016,in 8 days,6 days ago
610,Jalopy,-75%,"R$ 7,24",75.49%,Mar 2018,in 16 hours,6 days ago
611,Nyasha,-50%,"R$ 1,74",75.38%,Mar 2019,in 10 days,4 days ago
612,Drake Hollow,-70%,"R$ 29,99",75.34%,Oct 2020,in 7 days,3 days ago
613,She Sees Red - Interactive Movie,-70%,"R$ 5,03",75.20%,Jul 2019,in 16 hours,6 days ago
614,Lumencraft,-55%,"R$ 26,99",75.19%,Feb 2023,in 16 hours,6 days ago
615,Far Cry¬Æ New Dawn,-85%,"R$ 44,99",75.08%,Feb 2019,in 12 days,2 days ago
616,SKYHILL,-51%,"R$ 22,94",75.07%,Oct 2015,‚Äî,6 days ago
617,–°–ò–ú–£–õ–Ø–¢–û–† –û–î–ò–ù–û–ß–ï–°–¢–í–ê –í –†–£–°–°–ö–û–ô –î–ï–†–ï–í–ù–ï,-70%,"R$ 2,09",74.99%,Apr 2021,in 9 days,5 days ago
618,Not The Robots,-75%,"R$ 8,24",74.96%,Dec 2013,in 8 days,6 days ago
619,Galactic Civilizations III,-66%,"R$ 36,71",74.93%,May 2015,in 16 hours,6 days ago
620,Giana Sisters: Twisted Dreams,-80%,"R$ 6,59",74.87%,Oct 2012,in 16 hours,6 days ago
621,City of Brass,-90%,"R$ 5,99",74.84%,May 2018,in 16 hours,6 days ago
622,OlliOlli,-80%,"R$ 8,39",74.83%,Jul 2014,in 4 days,3 days ago
623,Cartel Tycoon,-73%,"R$ 34,44",74.83%,Jul 2022,in 8 days,6 days ago
624,Moons of Madness,-60%,"R$ 29,59",74.83%,Oct 2019,in 16 hours,6 days ago
625,Black The Fall,-70%,"R$ 19,47",74.81%,Jul 2017,in 2 days,11 days ago
626,Age of Gladiators,-80%,"R$ 3,99",74.80%,Feb 2016,in 16 hours,6 days ago
627,David.,-70%,"R$ 2,09",74.78%,Mar 2014,in 16 hours,6 days ago
628,STORM AREA 51: AYY LMAO EDITION,-50%,"R$ 1,74",74.77%,Sep 2019,in 10 days,4 days ago
629,8Doors: Arum's Afterlife Adventure,-80%,"R$ 11,99",74.76%,Apr 2021,in 11 days,3 days ago
630,Fictorum,-75%,"R$ 5,17",74.75%,Aug 2017,in 16 hours,6 days ago
631,Dead In Vinland,-80%,"R$ 11,99",74.74%,Apr 2018,in 16 hours,6 days ago
632,Tomb Raider: Underworld,-89%,"R$ 4,12",74.70%,Nov 2008,in 16 hours,9 days ago
633,Happy Guy,-60%,"R$ 4,19",74.67%,Sep 2021,in 16 hours,6 days ago
634,Acceleration of SUGURI 2,-50%,"R$ 14,99",74.63%,Mar 2018,in 8 days,3 days ago
635,Love Rhythm,-50%,"R$ 5,24",74.62%,Nov 2019,in 16 hours,6 days ago
636,Reigns: Game of Thrones,-67%,"R$ 4,55",74.57%,Oct 2018,in 4 days,3 days ago
637,Mana Spark,-67%,"R$ 8,21",74.57%,Sep 2018,in 16 hours,6 days ago
638,DreadOut,-80%,"R$ 5,59",74.49%,May 2014,in 5 days,5 days ago
639,Arboria,-90%,"R$ 3,79",74.46%,Sep 2021,in 16 hours,6 days ago
640,One Dog Story,-90%,"R$ 2,48",74.45%,Apr 2017,in 16 hours,6 days ago
641,Space Colony: Steam Edition,-75%,"R$ 6,99",74.45%,Apr 2015,in 16 hours,6 days ago
642,Nickelodeon Kart Racers 2: Grand Prix,-85%,"R$ 5,69",74.39%,Dec 2020,in 16 hours,6 days ago
643,Darkest Dungeon¬Æ II,-51%,"R$ 89,31",74.35%,May 2023,‚Äî,6 days ago
644,Metaverse Keeper / ÂÖÉËÉΩÂ§±Êéß,-75%,"R$ 7,24",74.33%,Apr 2019,in 16 hours,6 days ago
645,The Flame in the Flood,-85%,"R$ 7,49",74.22%,Feb 2016,in 16 hours,6 days ago
646,Arthas - The Game,-80%,"R$ 3,39",74.19%,Feb 2023,in 16 hours,6 days ago
647,Cockwork Industries Complete,-60%,"R$ 7,99",74.18%,Nov 2019,in 14 days,4 hours ago
648,Mind Scanners,-65%,"R$ 11,54",74.17%,May 2021,in 16 hours,6 days ago
649,Exit the Gungeon,-60%,"R$ 13,19",74.16%,Mar 2020,in 4 days,3 days ago
650,Lifeless Planet Premier Edition,-60%,"R$ 25,59",74.13%,Jun 2014,in 16 hours,13 days ago
651,Mind Spheres,-90%,"R$ 1,74",74.07%,Jul 2016,in 11 days,3 days ago
652,Black Desert,-70%,"R$ 5,23",74.07%,May 2017,in 2 days,5 days ago
653,Blade Assault,-80%,"R$ 6,99",74.00%,Jan 2022,in 11 days,3 days ago
654,Assassin's Creed Freedom Cry,-60%,"R$ 17,99",73.98%,Feb 2014,in 7 days,8 hours ago
655,Battlestations: Midway,-86%,"R$ 3,06",73.90%,Jan 2007,in 2 days,11 days ago
656,Sparklite,-85%,"R$ 7,12",73.87%,Nov 2019,in 16 hours,6 days ago
657,Miasmata,-80%,"R$ 4,99",73.81%,Nov 2012,in 16 hours,6 days ago
658,Pathway,-60%,"R$ 19,99",73.78%,Apr 2019,in 16 hours,6 days ago
659,Dead Age 2: The Zombie Survival RPG,-80%,"R$ 10,99",73.77%,Mar 2021,in 3 days,4 days ago
660,Sacred 2 Gold,-75%,"R$ 6,99",73.60%,Dec 2012,in 16 hours,6 days ago
661,Deadly 30,-86%,"R$ 2,37",73.57%,Jan 2014,in 3 days,4 days ago
662,Bridge Constructor,-90%,"R$ 3,29",73.53%,Oct 2013,in 3 days,4 days ago
663,Tumblestone,-81%,"R$ 8,73",73.53%,Jul 2016,in 16 hours,6 days ago
664,The Witcher Adventure Game,-85%,"R$ 4,49",73.49%,Nov 2014,in 7 days,3 days ago
665,KumaKuma Manga Editor,-80%,"R$ 4,09",73.46%,Feb 2019,in 5 days,10 days ago
666,Okhlos: Omega,-80%,"R$ 8,39",73.46%,Aug 2016,in 4 days,6 days ago
667,2Dark,-90%,"R$ 7,90",73.39%,Mar 2017,in 16 hours,6 days ago
668,Evil West,-65%,"R$ 62,96",73.36%,Nov 2022,in 14 days,8 hours ago
669,One More Dungeon,-70%,"R$ 4,49",73.20%,Nov 2015,in 16 hours,6 days ago
670,Thief,-85%,"R$ 12,52",73.10%,Feb 2014,in 16 hours,9 days ago
671,The Settlers¬Æ : Rise of an Empire - History Edition,-60%,"R$ 14,39",73.06%,Jan 2019,in 12 days,2 days ago
672,Trainz Railroad Simulator 2019,-83%,"R$ 45,60",73.03%,Jan 2019,‚Äî,6 days ago
673,Overture,-80%,"R$ 2,17",73.00%,Jan 2015,in 16 hours,6 days ago
674,The Wizards - Enhanced Edition,-66%,"R$ 16,14",72.96%,Mar 2018,in 16 hours,6 days ago
675,Shanhe,-60%,"R$ 5,79",72.87%,Jul 2023,in 10 days,4 days ago
676,Poop Clicker,-50%,"R$ 1,74",72.85%,Mar 2022,in 3 days,4 days ago
677,Out There: Œ© Edition,-80%,"R$ 5,59",72.81%,Apr 2015,in 16 hours,6 days ago
678,Dungeon Siege II,-86%,"R$ 3,06",72.61%,Aug 2005,in 2 days,11 days ago
679,DreadOut 2,-50%,"R$ 18,99",72.54%,Feb 2020,in 5 days,5 days ago
680,Dungelot: Shattered Lands,-75%,"R$ 8,24",72.42%,Feb 2016,in 8 days,6 days ago
681,Z,-87%,"R$ 1,81",72.40%,Jul 2014,in 16 hours,12 days ago
682,ÊÅ∂È≠îËø∑ÂÆ´ | Evil Maze,-50%,"R$ 3,49",72.39%,Jun 2016,in 16 hours,6 days ago
683,Volume,-80%,"R$ 7,39",72.29%,Aug 2015,in 16 hours,6 days ago
684,Dysfunctional Systems: Learning to Manage Chaos,-50%,"R$ 5,24",72.25%,Apr 2013,in 2 days,5 days ago
685,Asterix & Obelix XXL: Romastered,-85%,"R$ 7,94",72.16%,Oct 2020,in 3 days,4 days ago
686,Quest of Dungeons,-70%,"R$ 5,09",72.11%,Mar 2014,in 16 hours,6 days ago
687,Project: Snowblind,-85%,"R$ 2,98",72.08%,Feb 2005,in 2 days,11 days ago
688,TAPSONIC BOLD,-70%,"R$ 11,39",72.03%,Mar 2019,in 16 hours,6 days ago
689,Larva Mortus,-67%,"R$ 3,46",71.94%,Mar 2009,in 16 hours,6 days ago
690,Sea Dogs: To Each His Own,-80%,"R$ 5,59",71.86%,Feb 2016,in 16 hours,6 days ago
691,The Warlock of Firetop Mountain,-70%,"R$ 11,09",71.81%,Aug 2016,in 16 hours,3 days ago
692,Ash of Gods: Redemption,-80%,"R$ 14,79",71.71%,Mar 2018,in 16 hours,6 days ago
693,Bionic Dues,-75%,"R$ 8,24",71.70%,Oct 2013,in 16 hours,6 days ago
694,Pixel Heroes: Byte & Magic,-90%,"R$ 3,29",71.61%,Feb 2015,in 3 days,4 days ago
695,Elmarion: Dragon time,-50%,"R$ 14,49",71.53%,Mar 2020,in 9 days,5 days ago
696,Hell is Others,-50%,"R$ 12,49",71.53%,Oct 2022,in 16 hours,6 days ago
697,Office Battle,-50%,"R$ 1,74",71.52%,Dec 2015,in 8 days,6 days ago
698,The Land of Pain,-75%,"R$ 9,62",71.48%,Sep 2017,in 6 days,8 days ago
699,Tunche,-60%,"R$ 15,19",71.45%,Nov 2021,in 16 hours,13 days ago
700,Internet Cafe Simulator,-65%,"R$ 11,54",71.36%,Oct 2019,in 16 hours,6 days ago
701,Block'hood,-67%,"R$ 15,50",71.04%,May 2017,in 4 days,3 days ago
702,Life is Strange: Before the Storm Remastered,-50%,"R$ 99,50",70.99%,Feb 2022,in 2 days,11 days ago
703,Victory At Sea,-85%,"R$ 6,89",70.93%,Aug 2014,in 10 days,4 days ago
704,The Search,-70%,"R$ 4,13",70.93%,Apr 2017,in 13 days,yesterday
705,The Shore,-80%,"R$ 4,97",70.88%,Feb 2021,in 16 hours,6 days ago
706,As Far As The Eye,-75%,"R$ 11,87",70.81%,Sep 2020,in 16 hours,6 days ago
707,Absolver,-80%,"R$ 17,79",70.76%,Aug 2017,in 4 days,3 days ago
708,Run Build Pew!,-50%,"R$ 5,24",70.59%,Jun 2022,in 16 hours,6 days ago
709,God's Trigger,-80%,"R$ 5,79",70.50%,Apr 2019,in 5 days,9 days ago
710,Anachronox,-86%,"R$ 3,06",70.44%,Jun 2001,in 2 days,11 days ago
711,Stronghold Crusader 2,-90%,"R$ 7,54",70.36%,Sep 2014,in 16 hours,6 days ago
712,Chasm,-70%,"R$ 11,39",70.36%,Jul 2018,in 16 hours,6 days ago
713,Tomb Raider V: Chronicles,-86%,"R$ 4,05",70.30%,Nov 2012,in 16 hours,9 days ago
714,Nickelodeon All-Star Brawl,-90%,"R$ 9,39",70.26%,Oct 2021,in 16 hours,6 days ago
715,Recipe for Disaster,-72%,"R$ 13,15",70.24%,Aug 2022,in 16 hours,6 days ago
716,Crowntakers,-70%,"R$ 9,89",70.21%,Nov 2014,in 16 hours,6 days ago
717,200% Mixed Juice!,-50%,"R$ 11,75",70.16%,Oct 2015,in 8 days,3 days ago
718,Big Bia,-50%,"R$ 14,49",70.15%,Jun 2022,in 10 days,4 days ago
719,Dead In Bermuda,-80%,"R$ 5,59",70.08%,Aug 2015,in 16 hours,6 days ago
720,Blaite,-50%,"R$ 1,74",70.01%,Jan 2017,in 10 days,4 days ago
721,StarsOne,-50%,"R$ 16,49",69.99%,Apr 2016,in 16 hours,6 days ago
722,EARTHLOCK,-85%,"R$ 13,50",69.93%,Mar 2018,in 16 hours,6 days ago
723,Collapse,-75%,"R$ 14,99",69.91%,Sep 2008,in 16 hours,6 days ago
724,Truberbrook / Tr√ºberbrook,-95%,"R$ 4,44",69.86%,Mar 2019,in 2 days,4 days ago
725,Conflict Desert Storm‚Ñ¢,-86%,"R$ 3,06",69.40%,Sep 2002,in 2 days,11 days ago
726,Tom Clancy‚Äôs The Division‚Ñ¢,-85%,"R$ 13,49",69.33%,Mar 2016,in 12 days,2 days ago
727,Order of War‚Ñ¢,-85%,"R$ 3,73",69.32%,Sep 2009,in 2 days,11 days ago
728,Rogue's Tale,-50%,"R$ 11,75",69.32%,Mar 2014,in 16 hours,6 days ago
729,Black Future '88,-90%,"R$ 5,99",69.18%,Nov 2019,in 16 hours,6 days ago
730,TT Isle of Man: Ride on the Edge,-80%,"R$ 9,59",69.13%,Mar 2018,in 16 hours,6 days ago
731,Silver Chains,-95%,"R$ 3,69",68.93%,Aug 2019,in 3 days,4 days ago
732,Gods Will Be Watching,-80%,"R$ 6,59",68.93%,Jul 2014,in 4 days,10 days ago
733,Mirror Maker,-60%,"R$ 2,79",68.93%,Jan 2019,in 5 days,10 days ago
734,INDUSTRIA,-70%,"R$ 17,99",68.89%,Sep 2021,in 2 days,2 days ago
735,There Is No Light: Enhanced Edition,-50%,"R$ 29,99",68.85%,Sep 2022,in 16 hours,13 days ago
736,TOKYO GHOUL:re [CALL to EXIST],-90%,"R$ 15,99",68.80%,Nov 2019,in 16 hours,6 days ago
737,Rogue Lords,-70%,"R$ 14,99",68.79%,Sep 2021,in 16 hours,6 days ago
738,Hero Siege,-80%,"R$ 5,29",68.74%,Jan 2014,in 16 hours,6 days ago
739,Eternal Edge +,-90%,"R$ 2,89",68.71%,May 2022,in 11 days,3 days ago
740,Immortals Fenyx Rising,-85%,"R$ 28,49",68.65%,Dec 2022,in 7 days,8 hours ago
741,Trek to Yomi,-60%,"R$ 23,99",68.43%,May 2022,in 4 days,3 days ago
742,The Park¬Æ,-60%,"R$ 16,79",68.43%,Oct 2015,in 16 hours,6 days ago
743,Feudal Alloy,-90%,"R$ 3,29",68.42%,Jan 2019,in 12 days,2 days ago
744,Assassin's Creed Valhalla,-80%,"R$ 39,99",68.28%,Dec 2022,in 7 days,4 days ago
745,March of the Living,-50%,"R$ 14,49",68.23%,Apr 2016,in 16 hours,6 days ago
746,Warbanners,-70%,"R$ 11,39",68.15%,Oct 2017,in 16 hours,6 days ago
747,Children of Zodiarcs,-70%,"R$ 8,39",67.95%,Jul 2017,in 2 days,11 days ago
748,MX vs ATV Legends,-50%,"R$ 37,50",67.95%,Jun 2022,in 16 hours,6 days ago
749,Particula,-90%,"R$ 1,74",67.91%,Feb 2015,in 11 days,3 days ago
750,BELOW,-75%,"R$ 11,87",67.83%,Dec 2018,in 16 hours,6 days ago
751,Distant Worlds 2,-50%,"R$ 67,49",67.83%,Mar 2022,in 16 hours,6 days ago
752,RONIN,-80%,"R$ 8,39",67.77%,Jun 2015,in 4 days,3 days ago
753,Tinkertown,-75%,"R$ 13,12",67.77%,Jun 2023,in 2 days,4 days ago
754,Toilet Simulator 2020,-50%,"R$ 1,74",67.48%,Jan 2019,in 3 days,11 days ago
755,Toby: The Secret Mine,-90%,"R$ 1,99",67.44%,Oct 2015,in 12 days,2 days ago
756,Men of War: Condemned Heroes,-85%,"R$ 3,97",67.38%,Apr 2012,in 3 days,4 days ago
757,Killing Room,-60%,"R$ 18,79",67.29%,Oct 2016,in 16 hours,6 days ago
758,Nigate Tale,-61%,"R$ 14,81",67.16%,Apr 2021,in 16 hours,6 days ago
759,3089 -- Futuristic Action RPG,-75%,"R$ 5,87",67.15%,Jan 2014,in 16 hours,6 days ago
760,Trigon: Space Story,-70%,"R$ 11,39",67.12%,Apr 2022,in 16 hours,6 days ago
761,Guns n Zombies,-89%,"R$ 2,91",66.97%,Oct 2014,in 16 hours,6 days ago
762,Ninja Stealth,-90%,"R$ 1,74",66.94%,Jun 2016,in 9 days,5 days ago
763,STAY,-90%,"R$ 2,48",66.91%,May 2018,in 16 hours,6 days ago
764,Ludus,-65%,"R$ 11,54",66.83%,Feb 2020,in 16 hours,6 days ago
765,Rogue Stormers,-80%,"R$ 7,39",66.63%,Sep 2016,in 16 hours,6 days ago
766,Sacred Citadel,-75%,"R$ 4,99",66.58%,Apr 2013,in 16 hours,6 days ago
767,HUMANKIND‚Ñ¢,-75%,"R$ 39,75",66.56%,Aug 2021,in 4 days,3 days ago
768,Conan Unconquered,-60%,"R$ 23,99",66.55%,May 2019,in 16 hours,6 days ago
769,Lust for Darkness,-90%,"R$ 2,79",66.52%,Jun 2018,in 16 hours,6 days ago
770,Townsmen - A Kingdom Rebuilt,-80%,"R$ 10,99",66.52%,Feb 2019,in 16 hours,6 days ago
771,Road 96: Mile 0,-70%,"R$ 19,50",66.49%,Apr 2023,in 16 hours,13 days ago
772,Blood Omen 2: Legacy of Kain,-86%,"R$ 4,05",66.23%,Mar 2002,in 16 hours,9 days ago
773,Crypto Mining Simulator,-70%,"R$ 5,09",66.10%,Apr 2021,in 16 hours,6 days ago
774,Trucks & Trailers,-80%,"R$ 3,21",66.04%,Jun 2011,in 11 days,3 days ago
775,LARA CROFT AND THE TEMPLE OF OSIRIS‚Ñ¢,-85%,"R$ 12,52",66.01%,Dec 2014,in 16 hours,9 days ago
776,Shattered Planet,-90%,"R$ 4,69",65.73%,Jul 2014,in 16 hours,6 days ago
777,OUTRIDERS,-50%,"R$ 45,45",65.58%,Apr 2021,in 2 days,11 days ago
778,We Are The Dwarves,-95%,"R$ 17,26",65.50%,Feb 2016,‚Äî,8 hours ago
779,Zengeon,-76%,"R$ 9,11",65.24%,Jun 2019,in 16 hours,6 days ago
780,Infectonator: Survivors,-90%,"R$ 3,29",65.17%,Aug 2016,in 16 hours,6 days ago
781,ENDLESS‚Ñ¢ Dungeon,-50%,"R$ 79,95",65.17%,Oct 2023,in 16 hours,6 days ago
782,Just Cause,-86%,"R$ 3,06",65.05%,Sep 2006,in 2 days,11 days ago
783,Anima: Gate of Memories,-84%,"R$ 13,29",64.92%,Jun 2016,‚Äî,4 days ago
784,Pixel Piracy,-80%,"R$ 9,39",64.66%,Apr 2015,in 16 hours,6 days ago
785,Omikron: The Nomad Soul,-86%,"R$ 4,88",64.55%,Nov 1999,in 2 days,11 days ago
786,Survivor Squad,-80%,"R$ 2,09",64.16%,Nov 2013,in 16 hours,6 days ago
787,Might and Magic: Heroes VII ‚Äì Trial by Fire,-75%,"R$ 22,49",64.13%,Aug 2016,in 12 days,2 days ago
788,Mysteria ~Occult Shadows~,-80%,"R$ 8,39",64.10%,Sep 2020,in 5 days,10 days ago
789,Stronghold: Warlords,-90%,"R$ 7,99",64.03%,Mar 2021,in 16 hours,6 days ago
790,Cardaclysm,-90%,"R$ 4,69",63.97%,Feb 2021,in 3 days,4 days ago
791,Legacy of Kain: Soul Reaver 2,-86%,"R$ 4,05",63.96%,Nov 2001,in 16 hours,9 days ago
792,V-Rally 4,-90%,"R$ 6,99",63.81%,Sep 2018,in 16 hours,6 days ago
793,Gift Girl,-60%,"R$ 2,79",63.28%,Mar 2020,in 14 days,16 hours ago
794,Weird Worlds: Return to Infinite Space,-80%,"R$ 2,17",63.04%,Mar 2013,in 16 hours,6 days ago
795,Men of War: Vietnam,-85%,"R$ 3,97",63.03%,Sep 2011,in 3 days,4 days ago
796,Train Fever,-90%,"R$ 5,99",62.97%,Sep 2014,in 16 hours,6 days ago
797,Blightbound,-60%,"R$ 23,99",62.93%,Jul 2021,in 4 days,3 days ago
798,Darksburg,-75%,"R$ 7,24",62.90%,Sep 2020,in 16 hours,6 days ago
799,Monster Energy Supercross - The Official Videogame 4,-85%,"R$ 22,42",62.72%,Mar 2021,in 16 hours,6 days ago
800,Project AURA,-75%,"R$ 7,24",62.26%,Apr 2018,in 7 days,7 days ago
801,The Swindle,-85%,"R$ 4,19",61.84%,Jul 2015,in 16 hours,6 days ago
802,The Swords of Ditto: Mormo's Curse,-80%,"R$ 9,39",61.51%,Apr 2018,in 4 days,3 days ago
803,Abyss Odyssey,-80%,"R$ 5,59",61.45%,Jul 2014,in 16 hours,6 days ago
804,HERO DEFENSE,-95%,"R$ 4,44",61.42%,May 2016,in 3 days,4 days ago
805,Shoppe Keep,-66%,"R$ 3,70",61.04%,May 2016,in 16 hours,6 days ago
806,Just Cause 4 Reloaded,-95%,"R$ 14,93",60.95%,Dec 2018,‚Äî,11 days ago
807,Brewpub Simulator,-54%,"R$ 34,93",60.77%,Jul 2023,in 16 hours,6 days ago
808,Dungeon Hearts,-67%,"R$ 3,46",60.75%,Mar 2013,in 4 days,3 days ago
809,Depraved,-90%,"R$ 3,79",60.62%,Sep 2019,in 16 hours,6 days ago
810,Monsti,-50%,"R$ 1,74",60.39%,Sep 2016,in 10 days,4 days ago
811,SWORD ART ONLINE Alicization Lycoris,-81%,"R$ 56,98",60.32%,Jul 2020,in 16 hours,6 days ago
812,Mirror Party,-70%,"R$ 2,09",60.15%,Dec 2021,in 5 days,10 days ago
813,Overcast - Walden and the Werewolf,-90%,"R$ 1,74",60.11%,Apr 2014,in 11 days,3 days ago
